Item,Score
eggs,1.7979593891570231
bread,1.1807459893086554
